add-or-remove-mysection-subject	301	0	
add-or-remove-mysection-subject	301	0	
answer-process/	000	8948	
apple-payment-create-view	301	0	
award-mania-home	301	0	
award-mania-home	301	0	
bulk-subject-add-or-remove-mysection	301	0	
bulk-subject-add-or-remove-mysection	301	0	
central-favorite-list	301	0	
central-favorite-list	301	0	
confusion-series-list	301	0	
confusion-series-list	301	0	
create-bkash-payment	301	0	
create-bkash-payment	301	0	
customization-mysection-view	301	0	
customization-mysection-view	301	0	
demo-package-enable	301	0	
demo-package-enable	301	0	
dynamic-panel-subject-list	301	0	
dynamic-panel-subject-list	301	0	
faculty_service/get_faculty	200	4760	GET, HEAD, OPTIONS
favourite-questions-bulk-create	301	0	
favourite-questions-bulk-create	301	0	
favourite-questions-bulk-remove	301	0	
favourite-questions-bulk-remove	301	0	
lecture-sheet-subject-list-new-version	301	0	
lecture-sheet-subject-list-new-version	301	0	
live-video-list	301	0	
live-video-list	301	0	
live-video-routine	301	0	
live-video-routine	301	0	
multiple-tag-quiz	301	0	
multiple-tag-quiz	301	0	
multiple-to-single-user-phone	301	0	
mysection-home	301	0	
mysection-home	301	0	
omr-instruction-view	301	0	
omr-instruction-view	301	0	
payment-create-view	301	0	
payment-create-view	301	0	
pole-submit	301	0	
pole-submit	301	0	
profile-image-upload	301	0	
profile-package-history	301	0	
profile-package-history	301	0	
profile-update	301	0	
profile-update	301	0	
question-by-tag/	000	8948	
question-read-bulk-update	301	0	
question-read-bulk-update	301	0	
quiz-master-custom-quiz	301	0	
quiz-master-custom-quiz	301	0	
quiz-master-custom-topic-list/0	301	0	
quiz-master-regular-quiz	301	0	
quiz-master-regular-quiz	301	0	
recent-lecture-sheet-list	301	0	
recent-lecture-sheet-list	301	0	
referral-home	301	0	
referral-home	301	0	
referral-withdraw	301	0	
referral-withdraw	301	0	
search-question-filter-option	301	0	
search-question-filter-option	301	0	
search-question-v2	301	0	
search-question-v2	301	0	
send-otp-for-fraud-detection	000	0	
send-otp-new	301	0	
subject-wise-package-info	301	0	
subject-wise-package-info	301	0	
suggest-question-v2	301	0	
suggest-question-v2	301	0	
user-fav-question-count-by-tag	301	0	
user-fav-question-count-by-tag	301	0	
user-packages-with-discount	301	0	
user-packages-with-discount	301	0	
user-question-multiple-records	301	0	
user-question-multiple-records/0	301	0	
user-question-records	301	0	
user-question-records	301	0	
user-question-records-count-by-tag	301	0	
user-question-records-count-by-tag	301	0	
validate-otp-new	301	0	
vedio-subject-mapping	301	0	
vedio-subject-mapping	301	0	
verified-otp-for-fraud-detection	301	0	
video-mentor-list	301	0	
video-mentor-list	301	0	
videoseries-subject-list	301	0	
videoseries-subject-list	301	0	
video-tag-list	301	0	
